{
  "epoch": [
    1,
    2,
    3,
    4,
    5,
    6,
    7,
    8,
    9,
    10
  ],
  "train_loss": [
    0.22085573268994335,
    0.05506228020444446,
    0.026872444622405314,
    0.024982562144684223,
    0.008921314392227157,
    0.00690313778807965,
    0.0036500482394423257,
    0.004507062152431835,
    0.0015459832624302773,
    0.0014684824574615898
  ],
  "val_loss": [
    0.05814650082510867,
    0.0385699554517281,
    0.021942815637047888,
    0.020306540149194453,
    0.014130130663922602,
    0.0162919951014379,
    0.013258357692605235,
    0.01611048598969013,
    0.012523305351133891,
    0.01222318358870559
  ],
  "train_acc": [
    0.9379743522638053,
    0.9837084532844805,
    0.9919523684899241,
    0.9920832242868359,
    0.9970557445694844,
    0.9979063072494111,
    0.998691442030882,
    0.9984951583355143,
    0.9996074326092645,
    0.9995420047108087
  ],
  "val_acc": [
    0.9873717442778216,
    0.9892133649039726,
    0.9950013154433044,
    0.9957905814259406,
    0.9976322020520916,
    0.9965798474085766,
    0.9968429360694554,
    0.996316758747698,
    0.9976322020520916,
    0.9976322020520916
  ]
}