{
  "snr_db": [
    -20,
    -16,
    -12,
    -10,
    -8,
    -6,
    -4,
    -2,
    0,
    2,
    4,
    6,
    8,
    10,
    14,
    18
  ],
  "accuracy": [
    0.06708760852407261,
    0.07261247040252565,
    0.07261247040252565,
    0.08287292817679558,
    0.060247303341225994,
    0.05209155485398579,
    0.08366219415943173,
    0.0423572744014733,
    0.031044461983688505,
    0.017363851617995266,
    0.017890028939752698,
    0.03157063930544594,
    0.081557484872402,
    0.14969744803998947,
    0.3717442778216259,
    0.7892659826361483
  ]
}