{
  "snr_db": [
    -20,
    -16,
    -12,
    -10,
    -8,
    -6,
    -4,
    -2,
    0,
    2,
    4,
    6,
    8,
    10,
    14,
    18
  ],
  "accuracy": [
    0.01578531965272297,
    0.022099447513812154,
    0.017363851617995266,
    0.017363851617995266,
    0.017363851617995266,
    0.017363851617995266,
    0.018153117600631413,
    0.02709813207050776,
    0.04630360431465404,
    0.0931333859510655,
    0.163114969744804,
    0.28124177847934756,
    0.44172586161536437,
    0.689555380163115,
    0.9542225730071034,
    0.9713233359642199
  ]
}