{
  "epoch": [
    1,
    2,
    3,
    4,
    5,
    6,
    7,
    8,
    9,
    10
  ],
  "train_loss": [
    0.36505737293924034,
    0.11041885902590853,
    0.06021404145499976,
    0.028472077299536564,
    0.011484644176775175,
    0.007735920341218535,
    0.005823241565288075,
    0.0026130691035459795,
    0.0016114088568183354,
    0.0013042399834577675
  ],
  "val_loss": [
    0.08434217544093676,
    0.3659301819267539,
    0.03356781295483299,
    0.022434165115649312,
    0.01397177607943472,
    0.017481502711533595,
    0.009504164936662472,
    0.007505302469223355,
    0.007899740638138622,
    0.007576506535356192
  ],
  "train_acc": [
    0.8974744831196022,
    0.9647343627322691,
    0.9820073279246271,
    0.9908400942161738,
    0.9962051818895578,
    0.9971866003663963,
    0.9981025909447788,
    0.999345721015441,
    0.9994765768123528,
    0.9996728605077205
  ],
  "val_acc": [
    0.9726387792686135,
    0.9034464614575112,
    0.9900026308866088,
    0.992633517495396,
    0.9971060247303342,
    0.9960536700868192,
    0.9973691133912128,
    0.998158379373849,
    0.9978952907129702,
    0.9976322020520916
  ]
}