{
  "snr_db": [
    -20,
    -16,
    -12,
    -10,
    -8,
    -6,
    -4,
    -2,
    0,
    2,
    4,
    6,
    8,
    10,
    14,
    18
  ],
  "accuracy": [
    0.08787161273349119,
    0.08787161273349119,
    0.08787161273349119,
    0.08787161273349119,
    0.08787161273349119,
    0.08787161273349119,
    0.09418574059458037,
    0.03235990528808208,
    0.08576690344646146,
    0.24151539068666142,
    0.4141015522230992,
    0.6195737963693765,
    0.771112865035517,
    0.8755590634043673,
    0.9652722967640095,
    0.9821099710602473
  ]
}