{
  "epoch": [
    1,
    2,
    3,
    4,
    5,
    6,
    7,
    8,
    9,
    10
  ],
  "train_loss": [
    0.538656939472345,
    0.04137541994623581,
    0.024438576707731006,
    0.020703455616784123,
    0.008024003318946265,
    0.005281174977079852,
    0.00467038613786003,
    0.0031571866755322102,
    0.00185654472629887,
    0.0013538847397728008
  ],
  "val_loss": [
    0.0891158038726279,
    0.03941625627764775,
    0.023532270107043906,
    0.023007133208956178,
    0.01784939484382507,
    0.015465386762264508,
    0.009565414274943387,
    0.012481528375339454,
    0.012620631286221809,
    0.010876987636895725
  ],
  "train_acc": [
    0.8638445433132688,
    0.9885501177702172,
    0.9921486521852918,
    0.9939152054436011,
    0.9978408793509552,
    0.9983643025386024,
    0.9983643025386024,
    0.9990840094216173,
    0.9995420047108087,
    0.9998691442030881
  ],
  "val_acc": [
    0.9776374638253091,
    0.9873717442778216,
    0.9947382267824256,
    0.9947382267824256,
    0.9960536700868192,
    0.9965798474085766,
    0.998158379373849,
    0.9978952907129702,
    0.9978952907129702,
    0.9978952907129702
  ]
}