{
  "epoch": [
    1,
    2,
    3,
    4,
    5,
    6,
    7,
    8,
    9,
    10
  ],
  "train_loss": [
    0.5107101995134286,
    0.04635385208751239,
    0.020890435228527404,
    0.01604930813236855,
    0.007309706434109062,
    0.00822340440391023,
    0.005790094163886558,
    0.003168362342936904,
    0.0018436167690471623,
    0.0013561092715280692
  ],
  "val_loss": [
    0.05005419849849584,
    0.03987409443131672,
    0.016904694155410252,
    0.021314059940286952,
    0.020674368670807235,
    0.0236190105372143,
    0.01352844292112387,
    0.009238830950680654,
    0.0086058646945427,
    0.00849218157541687
  ],
  "train_acc": [
    0.8573017534676787,
    0.985344150745878,
    0.993326354357498,
    0.9948311960219838,
    0.9978408793509552,
    0.997317456163308,
    0.998037163046323,
    0.9988222978277937,
    0.9994765768123528,
    0.9997382884061764
  ],
  "val_acc": [
    0.9836885030255196,
    0.9913180741910024,
    0.9955274927650618,
    0.9957905814259406,
    0.9881610102604578,
    0.9942120494606682,
    0.994475138121547,
    0.9978952907129702,
    0.9976322020520916,
    0.9976322020520916
  ]
}