{
  "epoch": [
    1,
    2,
    3,
    4,
    5,
    6,
    7,
    8,
    9,
    10
  ],
  "train_loss": [
    0.21411576940432672,
    0.012068027064336236,
    0.005948896545669974,
    0.0022667884611946537,
    0.0008793424696371659,
    0.0041318931143288894,
    0.0003358690956577326,
    0.0003106957136022676,
    0.0002568399345104759,
    0.00031323047696170793
  ],
  "val_loss": [
    0.005286047141729319,
    0.0021986630132141377,
    0.0004424866084780267,
    0.00019329482488975586,
    0.00025467330310763396,
    0.0001205185086516489,
    0.00010640580219133042,
    8.169517845174291e-05,
    6.51790367078232e-05,
    9.369553897007769e-05
  ],
  "train_acc": [
    0.9435670261941448,
    0.9973035439137135,
    0.9986517719568567,
    0.9996147919876733,
    0.9996147919876733,
    0.9986517719568567,
    1.0,
    1.0,
    1.0,
    1.0
  ],
  "val_acc": [
    0.9992277992277993,
    1.0,
    1.0,
    1.0,
    1.0,
    1.0,
    1.0,
    1.0,
    1.0,
    1.0
  ]
}