{
  "snr_db": [
    -20,
    -16,
    -12,
    -10,
    -8,
    -6,
    -4,
    -2,
    0,
    2,
    4,
    6,
    8,
    10,
    14,
    18
  ],
  "accuracy": [
    0.03735858984477769,
    0.06998158379373849,
    0.0702446724546172,
    0.0702446724546172,
    0.0702446724546172,
    0.0702446724546172,
    0.0702446724546172,
    0.0702446724546172,
    0.11733754275190739,
    0.2551960010523546,
    0.40331491712707185,
    0.5443304393580637,
    0.7166535122336227,
    0.8418837148118916,
    0.9250197316495659,
    0.9731649565903709
  ]
}