{
  "snr_db": [
    -20,
    -16,
    -12,
    -10,
    -8,
    -6,
    -4,
    -2,
    0,
    2,
    4,
    6,
    8,
    10,
    14,
    18
  ],
  "accuracy": [
    0.0473559589581689,
    0.058142594054196264,
    0.12023151802157327,
    0.17363851617995266,
    0.2596685082872928,
    0.4027887398053144,
    0.5295974743488555,
    0.6500920810313076,
    0.7842672980794527,
    0.8876611418047882,
    0.9502762430939227,
    0.9771112865035517,
    0.9852670349907919,
    0.9886871875822152,
    0.9910549855301236,
    0.9918442515127598
  ]
}