{
  "epoch": [
    1,
    2,
    3,
    4,
    5,
    6,
    7,
    8,
    9,
    10
  ],
  "train_loss": [
    1.0719926358049248,
    0.28013070621078034,
    0.17521167744425883,
    0.12537362392396087,
    0.0892496858298139,
    0.05690817834964927,
    0.03576008081475155,
    0.016380427192211215,
    0.011558494428461538,
    0.006794497756069554
  ],
  "val_loss": [
    0.38221428436108307,
    0.24871276344901103,
    0.14523979452784377,
    0.10360203478612756,
    0.12103943630437479,
    0.0860692017266497,
    0.048533517167548446,
    0.04840765271073791,
    0.03758138792605662,
    0.036906369509245494
  ],
  "train_acc": [
    0.6624574718660037,
    0.9004187385501178,
    0.9395446218267469,
    0.9565558754252813,
    0.9684637529442555,
    0.9816801884323475,
    0.9878958387856582,
    0.9947003402250719,
    0.9963360376864695,
    0.9975791677571316
  ],
  "val_acc": [
    0.8671402262562483,
    0.9121283872665088,
    0.9381741646935017,
    0.9715864246250987,
    0.9594843462246777,
    0.9755327545382794,
    0.9863193896343068,
    0.9863193896343068,
    0.9902657195474875,
    0.990791896869245
  ]
}